country_code,cluster_no,topic_no,topics
US,0,0,['islavista']
US,1,0,"['coronavirus', 'fairmontaustin', 'austintexa', 'calibarb', 'tracybarb', 'chariti', 'handmademask', 'marchingband', 'prettymask', 'corona']"
US,1,1,"['sanfrancisco', 'warmfallday', 'weekendvib', 'blue', 'wizard', 'mygirl', 'chewi', 'superunecessari', 'stillher', 'hashtag']"
US,1,2,"['kentucki', 'wearamask', 'honeymoonstori', 'covidout', 'usalif', 'dailystagram', 'louisvil', 'picnic', 'itsaniceday', 'experi']"
US,1,3,"['mask', 'covidhair', 'love', 'school', 'stress', 'relationship', 'covid', 'muchne', 'prevent', 'quarentin']"
US,1,4,"['cdcguidelin', 'hausmask', 'weneedyou', 'morphepalett', 'appleb', 'life', 'studi', 'drugstudi', 'seapinesresort', 'celebr']"
US,1,5,"['quarantin', 'facecov', 'covid', 'funtim', 'facemask', 'kidmask', 'mask', 'histori', 'friend', 'smallbusi']"
US,1,6,"['maskup', 'newyork', 'covid', 'petethecat', 'twinmomlif', 'colorbath', 'tumbleleaf', 'smokyski', 'bathtim', 'marmott']"
US,1,7,"['mask', 'explor', 'fashion', 'cloth', 'goddessloc', 'bostonbraid', 'playlandpark', 'woodygutheri', 'shoploc', 'style']"
US,1,8,"['atlanta', 'facemask', 'event', 'fashionmask', 'wearthemask', 'elmaschingon', 'nationwid', 'specialocca', 'blingbl', 'sleepoveridea']"
US,1,9,"['covid', 'california', 'pandem', 'wearamask', 'birthdaygirl', 'puppi', 'photographi', 'doggo', 'classof', 'burbank']"
US,2,0,"['sanit', 'suffolkva', 'norfolk', 'portsmouth', 'restaur', 'moyock', 'smithfield', 'virginiabeach', 'ubereat', 'mobiledetail']"
US,3,0,"['covid', 'custommad', 'newyorkc', 'acrylicshield', 'manhattan', 'puppi', 'happi', 'vacat', 'fightcovid', 'lifestyl']"
US,3,1,"['kappaalphapsi', 'travel', 'pandem', 'calatrava', 'safe', 'divin', 'lanecolleg', 'nupe', 'weddingr', 'photographi']"
US,3,2,"['safetyfirst', 'greysanatomi', 'arizona', 'phoenixarizona', 'marin', 'photographi', 'badweath', 'nycart', 'yowzah', 'residenti']"
US,3,3,"['communiti', 'cleaningserv', 'brave', 'amazon', 'footballunit', 'dolphinsm', 'losangel', 'vecat', 'padentist', 'dentist']"
US,3,4,"['seniorcitizen', 'foodtruck', 'coronavirus', 'artmuseum', 'nikon', 'girldad', 'outdoorlif', 'originalmus', 'protest', 'orangecounti']"
US,3,5,"['coronavirus', 'kentucki', 'mile', 'smallbusi', 'covid', 'talktotyl', 'danceclass', 'fogspray', 'birthday', 'covidout']"
US,3,6,"['wearamask', 'nebraskafilm', 'mycorona', 'autodetail', 'keepingyousaf', 'autumn', 'officespac', 'strangetim', 'skylin', 'fall']"
US,3,7,"['autodetail', 'vote', 'doordash', 'portsmouth', 'elizabethc', 'uber', 'newportnew', 'ubereat', 'suffolkva', 'lyft']"
US,3,8,"['corona', 'downtown', 'covid', 'lebanon', 'middleeast', 'egypt', 'syria', 'mask', 'boston', 'facemask']"
US,3,9,"['pandem', 'summer', 'eventsindustri', 'local', 'hygienebarri', 'boymom', 'monthsold', 'eckertsfarm', 'loveyou', 'happyfally']"
US,4,0,"['sarcoma', 'protein', 'sportsmedicin', 'sport', 'spine', 'scoliosi', 'laugh', 'safeti', 'love', 'morristownnj']"
US,5,0,"['hope', 'godsplan', 'purpo', 'projectkind', 'media', 'loveoneanoth', 'love', 'bettertogeth', 'homeless', 'commnityfirst']"
US,6,0,"['wearamask', 'covid', 'mask', 'burningman', 'invest', 'washyourhand', 'facemask', 'backtoschool', 'loveislov', 'masksfors']"
US,6,1,"['sport', 'vacat', 'jewelri', 'nikon', 'photojourn', 'color', 'love', 'cute', 'covidmiami', 'virus']"
US,6,2,"['covid', 'china', 'shopsmal', 'coronavirus', 'lotusofthemoon', 'auction', 'wearadamnmask', 'returntowork', 'californiafir', 'shoploc']"
US,6,3,"['coronavirus', 'health', 'pandem', 'wearamask', 'safeti', 'covid', 'explorepag', 'staystrong', 'newnorm', 'healthcar']"
US,6,4,"['covid', 'dreamhomego', 'winchesterma', 'wavelistensl', 'staysaf', 'stayhom', 'healthcar', 'peac', 'wearamask', 'linkinbio']"
US,6,5,"['mask', 'lovehuman', 'civicduti', 'minneapoli', 'acmecomedyclub', 'standup', 'generalstrik', 'makeov', 'covid', 'coronavirus']"
US,6,6,"['wingsuit', 'onassign', 'pupdat', 'amazon', 'fashion', 'hike', 'fish', 'galleriahouston', 'luxuryeyewear', 'hisd']"
US,6,7,"['backtoschool', 'fluseason', 'bless', 'ghost', 'asahipentax', 'ektar', 'virgo', 'selfportrait', 'paprspeopl', 'photographi']"
US,6,8,"['safetyfirst', 'stayhom', 'quarantin', 'america', 'dogwalk', 'flag', 'photographi', 'covid', 'vegasstrip', 'signmistak']"
US,6,9,"['covid', 'longhaul', 'repost', 'coronavirus', 'freeship', 'donat', 'corona', 'california', 'sandiegocounti', 'westsidechicago']"
US,7,0,"['covid', 'insur', 'statefarm', 'statefarmag']"
US,8,0,"['diversekidslit', 'covid', 'teacher', 'littleread', 'kidslit', 'germ', 'author', 'blackwrit', 'childrensauthor', 'blackauthor']"
US,9,0,"['newfriend', 'love', 'westcoast', 'view', 'staysaf', 'saturday', 'rooftop', 'quarantin', 'pleasur', 'brunch']"
ID,1,0,"['dirumahaja', 'sensimask', 'cegahcovid', 'infobdg', 'lawancovid', 'psbb', 'covid', 'afcjapan', 'salmonpeptid', 'vitamin']"
ID,1,1,"['pandemi', 'barangp', 'maskersebaguna', 'wajibpunya', 'staysaf', 'maskerkain', 'dirumahaja', 'jakarta', 'ibox', 'erafon']"
ID,1,2,"['follow', 'komunita', 'likelik', 'surabayafood', 'indihom', 'bumn', 'blackpanth', 'telkom', 'chadwickboseman', 'liker']"
ID,1,3,"['quarantinelif', 'covid', 'infokesehatan', 'klikdokt', 'sehatitumudah', 'infocorona', 'infosehat', 'repost', 'mahasiswa', 'pandem']"
ID,1,4,"['covid', 'psbb', 'psbbjakarta', 'indonesia', 'donasi', 'muganhom', 'mugancar', 'amal', 'desaingrafi', 'maskerkain']"
ID,1,5,"['sabangmerauk', 'kelasakalbudi', 'seandainya', 'kelompok', 'jzjzk', 'nasronjauhari', 'tulungagung', 'design', 'bimbeljogja', 'bimbel']"
ID,1,6,"['sesarlembang', 'curupinfo', 'omnibuslaw', 'corona', 'sobatmodakwb', 'cucitangan', 'kkcolostrum', 'sehat', 'warn', 'scienceisfun']"
ID,1,7,"['akuunj', 'jadibegini', 'odadingmangoleh', 'sehat', 'wabah', 'bisnisonlin', 'britishpropoli', 'suplemen', 'propoli', 'alami']"
ID,1,8,"['keteganmaju', 'kimswaraketegan', 'jatimcettar', 'nengomahwa', 'covidindonesia', 'dirumahaja', 'lifesci', 'stopthespread', 'newnorm', 'coronavirus']"
ID,1,9,"['dirumahaja', 'positifcovid', 'mask', 'maskerwajah', 'pcrtest', 'cucitangan', 'funfact', 'angkringanfact', 'scuba', 'askason']"
ID,2,0,"['celanacowok', 'keren', 'exploremedan', 'belanjaonlin', 'import', 'modefashion', 'onlineshop', 'modiestfashion', 'lockdown', 'tshirt']"
ID,2,1,"['modefashion', 'import', 'belanjaonlin', 'exploremedan', 'keren', 'celanacowok', 'onlineshop', 'modiestfashion', 'lockdown', 'tshirt']"
ID,3,0,"['corona', 'hidupsehat', 'ayokpakaimask', 'baliindonesia', 'likeit', 'obatherb', 'herbaltuban', 'herballamongan', 'obatherbalalami', 'herbalsurabaya']"
ID,3,1,"['ayopakaimask', 'coronavirus', 'indonesiamaju', 'pandem', 'masker', 'pakaimask', 'poodl', 'dantraart', 'petdraw', 'dogloverbali']"
ID,3,2,"['dirumahaja', 'popsocket', 'jagakesehatan', 'skuymabar', 'holishit', 'nahinidia', 'pandem', 'sumbar', 'psbb', 'padang']"
ID,3,3,"['kumhampasti', 'staysaf', 'masker', 'stayhom', 'covid', 'septemb', 'travelblogg', 'travel', 'maskerhijab', 'corona']"
ID,3,4,"['newnorm', 'taulah', 'maskerjilbabset', 'desmarahijab', 'dirumahaja', 'maskerkainmotif', 'maskerkain', 'covid', 'covidnew', 'infocovid']"
ID,3,5,"['covid', 'wisata', 'bogorindonesia', 'curugcilemb', 'pendemi', 'corona', 'sehat', 'virus', 'pulaugalang', 'musingkeun']"
ID,3,6,"['staysaf', 'tour', 'travelhealthi', 'tourism', 'travel', 'huntingpasar', 'pandemi', 'pakaimask', 'likesforlik', 'corona']"
ID,3,7,"['gami', 'gamissyari', 'fashionbaru', 'fashionhijab', 'fashionnonhijab', 'fashionwanita', 'metrofashion', 'jagajarakaman', 'fashionanak', 'modiestfashion']"
ID,3,8,"['harhubna', 'rapid', 'jagajarak', 'lawancovid', 'indonesia', 'latepost', 'corona', 'coronavirus', 'cantikberhijab', 'hijab']"
ID,3,9,"['murah', 'tiktok', 'tiktokindonesia', 'masker', 'korona', 'good', 'berkualita', 'rafinagita', 'plain', 'tshirtdesign']"
ID,4,0,"['omnibuslaw', 'jegalomnibuslaw', 'oligarki', 'dirumahaja', 'anakindonesia', 'lure', 'anakhebat', 'semuahebat', 'joinus', 'paud']"
ID,4,1,"['rufaydaseri', 'diennagami', 'gamisset', 'diennakudus', 'dienna', 'gamisbusui', 'dresspremium', 'dressform', 'rufaydadienna', 'gamissyari']"
ID,4,2,"['likelik', 'barberman', 'cukurdirumahaja', 'samarinda', 'barbermov', 'onecar', 'dirumahsaja', 'likeforlik', 'tollborr', 'pasanganarti']"
ID,4,3,"['komunita', 'swabtest', 'hijrahcinta', 'kajian', 'infobmkg', 'infobmkgteg', 'educ', 'laboratori', 'virus', 'pcrtest']"
ID,4,4,"['sobatmodakwb', 'tangerangayo', 'humaskuy', 'kotatangerang', 'ilovetng', 'tangerangl', 'kitatangerang', 'waspada', 'kagumkotang', 'staysaf']"
ID,4,5,"['koreanmakeup', 'bisnispelajar', 'bisnisanakmuda', 'rumahmurah', 'indonesiasehat', 'bisni', 'bisnisonlin', 'barbequenight', 'dafampekanbaru', 'protokolcovid']"
ID,4,6,"['kimswaraketegan', 'nengomahwa', 'jatimcettar', 'keteganmaju', 'covidindonesia', 'dirumahaja', 'kkcolostrum', 'kotametro', 'workfromhom', 'infoupdatecovid']"
ID,4,7,"['purnabakti', 'guru', 'pensiun', 'rapidtest', 'swab', 'sekolah', 'samarindahit', 'custommad', 'tshirtcovid', 'sablon']"
ID,4,8,"['gunungkidul', 'explorejogja', 'hijab', 'fashion', 'travel', 'psbb', 'weddingjogja', 'palaran', 'covid', 'lhokseumaw']"
ID,4,9,"['indonesia', 'bpom', 'sunnah', 'hpai', 'healthyfood', 'hidupsehat', 'masker', 'covid', 'sehat', 'pakaimask']"
ID,5,0,"['dirumahsaja', 'jakarta', 'kulin', 'thamrinc', 'relawantangguh', 'hazmatsuit', 'jakartainfo', 'jakartaupd', 'internship', 'cikalongwetan']"
ID,5,1,"['minionbik', 'miminsekayu', 'blur', 'selebgram', 'foto', 'chineseactor', 'follow', 'sepedabeka', 'blitarasyik', 'sepedamurah']"
ID,5,2,"['newnorm', 'temanpn', 'kabinetrevolusi', 'ormawapn', 'pkkmbpnk', 'korona', 'firstlov', 'sunday', 'blue', 'krokot']"
ID,5,3,"['live', 'kerjadirumah', 'psbbtotal', 'kerja', 'dirumahaja', 'support', 'psbb', 'covid', 'selegram', 'staysaf']"
ID,5,4,"['maskerwajah', 'lawancorona', 'jagajarak', 'pakaimask', 'astungkara', 'galungan', 'coronavirus', 'cucitangan', 'kakak', 'zonamerah']"
ID,6,0,"['pakaimask', 'lawancorona', 'support', 'stayhom', 'rajincucitangan', 'rainbow', 'psbbtotal', 'psbb', 'corona', 'jagasekitar']"
ID,7,0,"['giatsinergita', 'swab', 'psbb', 'morningbright', 'flowerseason', 'myflow', 'handsanit', 'bunga', 'pemula', 'bakso']"
ID,7,1,"['covid', 'indonesia', 'pemudapemudi', 'pakaimask', 'pemakaman', 'kuburan', 'psbbjakarta', 'jagajarak', 'corona', 'coronaindonesia']"
ID,7,2,"['mitradarat', 'kawulamoda', 'sayanginyawamu', 'harhubna', 'covid', 'flashback', 'sepakbola', 'harisantri', 'graduat', 'sarscov']"
ID,7,3,"['staysaf', 'ligatarkam', 'dirumahaja', 'stayhealthi', 'corona', 'scarlett', 'waspada', 'humaskuy', 'kagumkotang', 'kitatangerang']"
ID,7,4,"['happi', 'jogja', 'jagajarak', 'alam', 'kknumko', 'meetingpackag', 'instagood', 'gkigejayan', 'kbuchoir', 'dfjgkigejayan']"
ID,7,5,"['radiolawancovid', 'wajibmask', 'dirumahaja', 'disinfect', 'protokolcovid', 'newsrewako', 'covidgowa', 'pemkabgowa', 'maskeryuk', 'rewakoid']"
ID,7,6,"['kesbangpol', 'manado', 'school', 'ffollow', 'corona', 'likelik', 'trend', 'dirumahsaja', 'pandem', 'like']"
ID,7,7,"['virus', 'instagram', 'jakarta', 'pagebluk', 'covid', 'jagajarak', 'promk', 'indonesia', 'decorpontianak', 'dcpdecorplann']"
ID,7,8,"['masker', 'happyw', 'temukangen', 'wisuda', 'wisudastieus', 'akadnikah', 'friendship', 'pandemi', 'lightroom', 'stayhealthi']"
ID,7,9,"['stayhealthi', 'newnorm', 'gemilang', 'knpi', 'explorekronjo', 'sunri', 'famili', 'kampani', 'pasuruan', 'pilwalipasuruan']"
ID,8,0,"['jembrana', 'hitskekinian', 'tiktokhit', 'tabanan', 'septemb', 'sablonsparasi', 'rahayu', 'kuningan', 'kelungkung', 'karangasem']"
BR,0,0,"['arraialdajuda', 'bandana', 'bandanamrpalha', 'estilo', 'moda', 'mrpalha', 'style']"
BR,1,0,"['vwgolg', 'mascarasfaciai', 'mascara', 'portamascara', 'pericard', 'alcoolgel', 'personalizado', 'toten', 'biguacu', 'vwquadrado']"
BR,1,1,"['covid', 'proteja', 'usemascara', 'comprinha', 'achadinho', 'ficaemcasa', 'medica', 'alcoolemgel', 'luto', 'mamisdora']"
BR,1,2,"['agenda', 'mascarascomlogo', 'corona', 'cosmetico', 'xpandemia', 'pamdemia', 'anita', 'anacosmtico', 'core', 'taguatingasul']"
BR,1,3,"['tricolin', 'mascara', 'mascarad', 'mascaratecido', 'salvaorelha', 'mscarasd', 'mscaratricolin', 'usemmscara', 'salvandovida', 'todospelasaud']"
BR,1,4,"['gratidao', 'enfermagem', 'saud', 'acaosoci', 'juntospelobem', 'fazerobemfazbem', 'fazerobemsempr', 'saudavel', 'empatia', 'acaosolidaria']"
BR,1,5,"['coronavirus', 'mascara', 'futebol', 'mascaradetecido', 'secuid', 'mascarasd', 'minasgerai', 'ficaemcasa', 'brasil', 'saud']"
BR,1,6,"['blogueirinha', 'bomgosto', 'monikecarrasco', 'francodarocha', 'piriguet', 'franco', 'coronavirus', 'modafeminina', 'moda', 'cuid']"
BR,1,7,"['escola', 'heroisdemascara', 'lacaixadepapel', 'diadomdico', 'medicoheroi', 'higienizao', 'protecao', 'rioclaro', 'casamento', 'novaodessa']"
BR,1,8,"['promoo', 'pandemia', 'economia', 'bazzar', 'vestido', 'roupa', 'caridad', 'liquidao', 'virtual', 'desconto']"
BR,1,9,"['goiania', 'atacado', 'virus', 'proteo', 'usemscara', 'proteja', 'lanch', 'alcoolgel', 'vendasonlin', 'eunapoli']"
BR,2,0,"['oestecarn', 'melhorescort', 'tamojunto', 'quarentena', 'primebc', 'praiadonort', 'praiacentralbc', 'oestecarnesbc', 'amopromocao', 'greenvalley']"
BR,3,0,"['usemascara', 'cinema', 'sisley', 'mascaradetecido', 'kryolanbrasil', 'novonorm', 'vaicamera', 'mascara', 'uaimg', 'gata']"
BR,3,1,"['covid', 'gerontologia', 'geriatria', 'rotaryemao', 'longapermanncia', 'rotarianosemao', 'asilo', 'saudedoidoso', 'maturidad', 'rotarybrasil']"
BR,3,2,"['oagronaopara', 'static', 'lucrodoprodutor', 'floresparatodo', 'floricultura', 'onfarm', 'phenoglad', 'staysaf', 'pesquisa', 'saud']"
BR,3,3,"['cuidadosdoidoso', 'rotaract', 'rotari', 'rotarybrasil', 'coronazero', 'rotariano', 'maturidad', 'terceiraidad', 'saudedoidoso', 'asilo']"
BR,3,4,"['distritofed', 'solidariedad', 'caridad', 'pandemia', 'brasiliadf', 'livesolidaria', 'divulgacao', 'sejusdf', 'sedesdf', 'paraquemdoar']"
BR,3,5,"['deusnocomando', 'natureza', 'amor', 'fotojornalismo', 'folha', 'jornalista', 'pandemia', 'quarentena', 'coronavirus', 'foryou']"
BR,3,6,"['igualdad', 'corona', 'longapermanncia', 'rotaryemao', 'rotarianosemao', 'rotaract', 'rotari', 'maturidad', 'terceiraidad', 'coronazero']"
BR,3,7,"['enfermagem', 'saud', 'gratidao', 'covid', 'doacao', 'juntospelobem', 'fazerobemfazbem', 'fazerobemsempr', 'saudavel', 'empatia']"
BR,3,8,"['formei', 'quarentena', 'cidtubino', 'pandem', 'cairn', 'foconoobjetivo', 'campina', 'coronavirus', 'apartamento', 'hortolandia']"
BR,3,9,"['quarentena', 'bnwphotographi', 'corona', 'mdicosgoiania', 'cidtubino', 'promoo', 'fiqueemcasa', 'streetmagazin', 'moda', 'photographi']"
BR,4,0,"['aventura', 'kick', 'nissangtr', 'verao', 'carro', 'seminovo', 'offroad', 'nissan', 'vwgolg', 'sojo']"
BR,5,0,"['client', 'combustivel', 'gasolina', 'horario', 'novo', 'novodecreto', 'novohorrio', 'pandemia', 'posto', 'quarentena']"
BR,6,0,"['minasrad', 'minasgerai', 'wildgoo', 'vocenooff', 'vidanomato', 'vidanaroa', 'uaimg', 'primytivo', 'patoselvagem', 'arfocmg']"
BR,7,0,"['covid', 'dicatessatour', 'pandemia']"
BR,8,0,"['wesleynobrega', 'allum', 'prontaentrega', 'vemquetem', 'sucesso', 'saopaulo', 'brasil', 'haylougtpro', 'confiana', 'haylou']"
BR,9,0,"['coronavirusnew', 'pandemia', 'covidbrasil', 'covid', 'usemascara', 'dbdurmabem', 'repost', 'sbpc', 'comsaud', 'maissaud']"
BR,9,1,"['sade', 'testerapido', 'coronavrus', 'biologia', 'quarentena', 'desea', 'imun', 'novocoronavrus', 'vacin', 'washyourhand']"
BR,9,2,"['direitoshumano', 'pandemia', 'fisioterapia', 'covid', 'saopaulo', 'riodejaneiro', 'euhumanright', 'westandtogeth', 'sulfluminen', 'sanitizao']"
BR,9,3,"['hcfmusp', 'hccomvida', 'hospit', 'pandemia', 'saud', 'coronavirus', 'brasil', 'secuida', 'faaasuapart', 'virus']"
BR,9,4,"['fiqueemcasa', 'pandemia', 'taubat', 'institutoidsb', 'sadement', 'crianafeliz', 'coronavirus', 'bahia', 'biossegurana', 'borabrasil']"
BR,9,5,"['covid', 'coronavrus', 'brejodeareia', 'corona', 'vaipassar', 'noivinhasdapri', 'pandemia', 'coronavirus', 'lionsclub', 'dica']"
BR,9,6,"['enfermagem', 'gratidao', 'saud', 'feiradesantana', 'acaosoci', 'solidariedad', 'voltaasaula', 'acaosolidaria', 'fazerobemsempr', 'doacao']"
BR,9,7,"['celular', 'gamer', 'jogo', 'smartphon', 'contecomag', 'hoverboard', 'game', 'lojadobola', 'covid', 'saudement']"
BR,9,8,"['usemascara', 'virus', 'covd', 'coronavirus', 'emcasa', 'china', 'valent', 'valentebahia', 'servioloc', 'lencoi']"
BR,9,9,"['covid', 'saudesergip', 'coronavirus', 'fiqueemcasa', 'cardiologia', 'byui', 'hseducacion', 'afin', 'michellezetula', 'ubuntu']"
IN,0,0,"['photographi', 'picoftheday', 'maharashtra', 'mumbai', 'natur', 'likeforlik', 'photooftheday', 'tiktok', 'royalfashion', 'like']"
IN,1,0,"['rajasthan', 'lockdown', 'mountain', 'travel', 'corona', 'udaipur', 'covid', 'cloud', 'bengaluru', 'maharashtra']"
IN,1,1,"['architectur', 'design', 'warrior', 'instagram', 'covid', 'chariti', 'live', 'educ', 'welfar', 'goodvib']"
IN,1,2,"['sunday', 'covid', 'virus', 'bhopalstori', 'bank', 'safetyfirst', 'stayhom', 'banabarhil', 'igdaili', 'love']"
IN,1,3,"['lockdown', 'afterlongtim', 'pune', 'couplego', 'candidclick', 'weddingblog', 'pictureoftheday', 'quarantinelif', 'selfi', 'handsanit']"
IN,1,4,"['durgapujacovid', 'mask', 'lockdown', 'covidhero', 'staysaf', 'india', 'photograph', 'cruel', 'cryptic', 'food']"
IN,1,5,"['covid', 'yoga', 'india', 'coronavirus', 'posit', 'yogaeveryday', 'mditatedaili', 'collectorpatan', 'medit', 'inspir']"
IN,1,6,"['staysaf', 'music', 'likeforlik', 'mnsadhikrut', 'studio', 'bond', 'kota', 'kotafactori', 'newnorm', 'exam']"
IN,1,7,"['streetart', 'jamia', 'awar', 'cousinzzgoalz', 'flower', 'caption', 'india', 'smile', 'pandem', 'newarriv']"
IN,1,8,"['volunt', 'staysaf', 'donat', 'love', 'stayhom', 'trend', 'schoolreopen', 'narnaul', 'covidwarrior', 'quarantin']"
IN,1,9,"['punediari', 'photojourn', 'lockdownlif', 'everydayindia', 'coronavirus', 'corona', 'india', 'stayhom', 'rcplane', 'mumbaibizarr']"
IN,2,0,"['follow', 'likelik', 'rooftop', 'likeforlik', 'likexlik', 'model', 'commentcom', 'liker', 'love', 'likeforfollow']"
IN,2,1,"['wearamask', 'hoodi', 'tshirt', 'indianw', 'portfolio', 'friendzon', 'thesundaytim', 'bffgoal', 'mastiff', 'snapsoftheday']"
IN,2,2,"['kurti', 'shoploc', 'stayhappi', 'covidquarantin', 'homephotographi', 'frommyphon', 'shopifi', 'onlineboutiqu', 'suitsuppli', 'wholes']"
IN,2,3,"['jacket', 'fakecandid', 'kohinoor', 'wannab', 'unfunni', 'offwhit', 'aurangabad', 'seriesofev', 'ootdinspir', 'paithandam']"
IN,2,4,"['coronawarrior', 'doctor', 'bald', 'lockdownlook', 'home', 'linenfacemask', 'linenmask', 'quarantin', 'delhi', 'summerof']"
IN,2,5,"['fashionista', 'cityfashion', 'womensfashion', 'indianonshop', 'coronavirus', 'fashionstyl', 'fashion', 'pandem', 'pubg', 'attitudeboy']"
IN,2,6,"['delhi', 'disinfect', 'streetfood', 'chandnichowk', 'qurantineshoot', 'model', 'vocalforloc', 'ootd', 'bestfriend', 'cutecoupl']"
IN,2,7,"['music', 'comment', 'sareelov', 'newarriv', 'smile', 'likelik', 'foggi', 'amaz', 'love', 'keepmotiv']"
IN,2,8,"['picoftheday', 'lookoftheday', 'cool', 'dslroffici', 'friendship', 'friendsforev', 'madurai', 'influenc', 'passiontwist', 'snaps']"
IN,2,9,"['lockdown', 'deepakdeepu', 'indowestern', 'staysaf', 'bridalwear', 'covidwarrior', 'instadaili', 'instagood', 'mask', 'happybrid']"
IN,3,0,"['karnataka', 'fightcorona', 'kannada', 'corona', 'coronavirus', 'chandigarh', 'covid', 'siasat', 'hyderabadc', 'health']"
IN,3,1,"['chandigarh', 'covid', 'coronavirus', 'kannada', 'fightcorona', 'karnataka', 'corona', 'coronatim', 'waragainstvirus', 'nagpur']"
IN,4,0,"['meme', 'dahodc', 'dtvnewsdahod', 'coronavirus', 'sayhomestaysaf', 'lockdown', 'sellonamazon', 'instagood', 'quarantinelif', 'ahmedabad']"
IN,4,1,"['travel', 'indiacanva', 'indiaclick', 'delhiit', 'storiesofindia', 'dslroffici', 'mypixeldiari', 'yourshotindia', 'traveldiari', 'technolog']"
IN,4,2,"['studi', 'neet', 'mahalaya', 'durgapujo', 'educ', 'question', 'chemistri', 'jipmer', 'dream', 'thinkgm']"
IN,4,3,"['watertreat', 'stayhom', 'covid', 'staysaf', 'stopthespread', 'chandigarh', 'coronavirus', 'thehealthpr', 'covidguidlin', 'covidsupport']"
IN,4,4,"['ambernath', 'india', 'covidkerala', 'staysaf', 'corona', 'maharashtra', 'today', 'covidindia', 'topnew', 'riot']"
IN,4,5,"['unlock', 'covid', 'lifestyl', 'useheart', 'india', 'suratcoach', 'news', 'corona', 'kashmir', 'meme']"
IN,4,6,"['lockdown', 'digitalstrategi', 'brandstrategi', 'brandmarket', 'covidpandem', 'marketingtip', 'indiancampaign', 'newnorm', 'vascodagama', 'anjucelebr']"
IN,4,7,"['relief', 'coronawarrior', 'stopthespread', 'yeinudaan', 'partner', 'india', 'collabor', 'lockdown', 'loveyourself', 'meghalayanew']"
IN,4,8,"['covid', 'design', 'currentaffair', 'contractor', 'photoedit', 'adobestud', 'datasketch', 'personaldata', 'data', 'investor']"
IN,4,9,"['nagpur', 'helpforgood', 'nagpurc', 'healthcar', 'covid', 'coronavirus', 'caption', 'waragainstvirus', 'sanit', 'biharelect']"
IN,5,0,"['aligarh', 'corona', 'delhi', 'guwahati', 'hotel', 'india', 'negat', 'qurantinelif', 'shillong', 'test']"
IN,6,0,"['southcultur', 'southindian', 'kannadabrid', 'kerala', 'purepattu', 'indiansinusa', 'usaindian', 'ukindian', 'indiansinuk', 'telugubrid']"
IN,7,0,"['suadi', 'sadhguru', 'yogawithkush', 'yogateach', 'yogapract', 'yogaclass', 'yoga', 'viral', 'thankyou', 'suadyschalleng']"
IN,8,0,"['coronavrus', 'vocalforloc', 'wearamask', 'andhrapradesh', 'indianhandloom', 'canadaindian', 'southindian', 'ukindian', 'indiansinlondon', 'indiansindubai']"
IN,8,1,"['instadaili', 'homemad', 'photoedit', 'travel', 'kurti', 'instagood', 'likeforlik', 'explor', 'covid', 'streetfood']"
IN,8,2,"['sareelov', 'pandemicyear', 'homesick', 'newarriv', 'weddingsar', 'staysaf', 'stayhom', 'famili', 'instagram', 'bestpriceintown']"
IN,8,3,"['eleg', 'trendingstud', 'earloc', 'officejewelleri', 'dailywear', 'mulicolor', 'earingsfashion', 'hangingear', 'earingslov', 'earingsoftheday']"
IN,8,4,"['foodwithaview', 'indiancuisin', 'papakiirasoi', 'keepitstreet', 'staysaf', 'kodakblack', 'wtgk', 'puneblogg', 'drink', 'newarriv']"
IN,8,5,"['guwahatigirl', 'facemask', 'amazon', 'lockdown', 'diwali', 'flipart', 'triciti', 'derabassi', 'mohali', 'maskprint']"
IN,8,6,"['newarriv', 'sareelov', 'weddingsar', 'festiv', 'womeninbusi', 'collect', 'sare', 'women', 'stayhom', 'uppadasar']"
IN,8,7,"['lockdownev', 'mask', 'fashionmask', 'kingprawn', 'farmhous', 'best', 'dailyroutin', 'garlicbread', 'pizzalov', 'shous']"
IN,8,8,"['banglor', 'onlin', 'templejewelleri', 'jwelleri', 'hyderabad', 'royalw', 'royaljwelleri', 'diamond', 'conoravirus', 'weddingjwelleri']"
IN,8,9,"['cheflif', 'instagram', 'covidcak', 'food', 'mumbai', 'shous', 'foodporn', 'medic', 'likeforlik', 'fashion']"
IN,9,0,"['musimpana', 'masker', 'tebu', 'summer', 'sugarcaneju', 'sugarcan', 'redmikpro', 'newdelhi', 'corona', 'meredost']"
GB,0,0,"['omega', 'cleandiet', 'immunityboost', 'antioxid', 'londonfoodi', 'friend', 'filter', 'charityev', 'natur', 'devonlif']"
GB,1,0,"['trend', 'leicestersquar', 'deadciti', 'rushhour', 'nobrain', 'covid', 'london', 'interior', 'propertyag', 'look']"
GB,1,1,"['buildingwork', 'tile', 'houseinspo', 'stayhom', 'contractor', 'carpentri', 'roof', 'kitchen', 'plumb', 'bathroom']"
GB,1,2,"['ephraimpeac', 'clean', 'pink', 'covidsecur', 'useitorloseit', 'scarborough', 'scarbado', 'kelvingrov', 'walk', 'park']"
GB,1,3,"['cricket', 'bobwillistrophi', 'sport', 'photographi', 'photooftheday', 'lord', 'alastaircook', 'craigoverton', 'galway', 'judo']"
GB,1,4,"['london', 'mosaicart', 'nationalgalleri', 'pandem', 'architectur', 'photograph', 'rainbow', 'exhibit', 'orchestra', 'theatreinterior']"
GB,1,5,"['sunshin', 'coronapandem', 'haircut', 'safetyfirst', 'hairsalon', 'precaut', 'proud', 'param', 'second', 'firefight']"
GB,1,6,"['medicalclean', 'disinfect', 'gardenparti', 'summer', 'englishgarden', 'canarywharf', 'shoreditch', 'thecheesegrat', 'flujab', 'fluclin']"
GB,1,7,"['lockdown', 'citi', 'citylif', 'marqueehir', 'covid', 'newnorm', 'wanderlust', 'theatr', 'london', 'construct']"
GB,1,8,"['garden', 'lockdown', 'memoriesmad', 'homebar', 'drink', 'golf', 'yourworld', 'lamlash', 'staysaf', 'protect']"
GB,1,9,"['marqueehir', 'adamscak', 'cambridg', 'londonc', 'ruleof', 'covidw', 'intimatew', 'cotswoldw', 'kingscotebarn', 'barnw']"
GB,2,0,"['concert', 'livemus', 'originalmus', 'outdoor', 'schtumm']"
GB,3,0,"['cakesbywalshi', 'cupcak', 'birthday', 'antioxid', 'thaifishcak', 'thaifood', 'takeaway', 'deepclean', 'builder', 'therock']"
GB,3,1,"['studentlif', 'physiotherapi', 'foodi', 'londonfoodi', 'covid', 'tesla', 'familytim', 'netflix', 'endduchenn', 'findacur']"
GB,3,2,"['covid', 'cancersuck', 'hair', 'mask', 'fasion', 'gunpla', 'gcon', 'hairstyl', 'ricohgr', 'swansea']"
GB,3,3,"['rhyl', 'chariti', 'roshhashana', 'picoftheday', 'peopl', 'platter', 'grazingbox', 'etsyfind', 'growyourown', 'sustain']"
GB,3,4,"['afternoontea', 'cambridg', 'shropshirelif', 'takeawayfood', 'allthepink', 'caki', 'matleaveday', 'twir', 'beerorbelli', 'shatter']"
GB,3,5,"['staysaf', 'wendov', 'buckinghamshir', 'shoponlin', 'facecov', 'savetheplanet', 'shoploc', 'forsal', 'supportloc', 'london']"
GB,3,6,"['eyfsidea', 'staysaf', 'openh', 'nurseri', 'lockdown', 'linkinbio', 'london', 'bellfoundri', 'waterless', 'household']"
GB,3,7,"['custommad', 'cycl', 'bike', 'music', 'bicycl', 'kitchen', 'lovelif', 'coronavirus', 'instadaili', 'danc']"
GB,3,8,"['liverpool', 'footbal', 'covidsecur', 'cycl', 'bike', 'airforc', 'custom', 'scarbado', 'scarborough', 'fabric']"
GB,3,9,"['inveruri', 'facemask', 'ootd', 'covid', 'shoploc', 'handmad', 'itsallabouthair', 'coronavirus', 'wearamask', 'williammorri']"
GB,4,0,"['cloth', 'coronavirus', 'lockdown', 'share', 'workfromhom', 'coventri', 'puregym', 'socialdist', 'greatbritain', 'circul']"
GB,4,1,"['covidprotect', 'handsanit', 'keepsaf', 'signwrit', 'immunesupport', 'rickstein', 'sheffield', 'cornwal', 'marxism', 'retail']"
GB,4,2,"['trackandtrac', 'localbusi', 'creation', 'visacampaign', 'shoploc', 'crystalshop', 'local', 'creat', 'copper', 'maskup']"
GB,4,3,"['covid', 'derbyshir', 'facecov', 'safeti', 'coronavirus', 'sowo', 'rona', 'georg', 'woodford', 'georgelan']"
GB,4,4,"['ukgbrunch', 'daytimerav', 'vansignag', 'fullcolor', 'decal', 'vanwrap', 'safe', 'staysaf', 'getcreat', 'newguidlin']"
GB,5,0,"['safetyfirst', 'autumnlight', 'ardspeninsula', 'septemberski', 'extraincom', 'moneymotiv', 'makemoneyonlin', 'makemoney', 'moneytip', 'money']"
GB,5,1,"['nhscovidapp', 'staysaf', 'lutonnew', 'schoolcovid', 'luton', 'ukcfenc', 'kentunion', 'kentsport', 'sportuk', 'fenc']"
GB,5,2,"['spoil', 'life', 'covid', 'staysaf', 'hair', 'lockdown', 'fresher', 'coronavirus', 'polit', 'sefton']"
GB,5,3,"['coronavirus', 'vinyl', 'sign', 'lifeisstreet', 'newcastl', 'thefear', 'streetfind', 'shootermaguk', 'newcastlelif', 'streetmoment']"
GB,5,4,"['staysaf', 'corona', 'covidrespond', 'covid', 'light', 'broadcast', 'behindthescen', 'eastbourn', 'eastsussex', 'sunri']"
GB,5,5,"['safespac', 'metr', 'restaur', 'pandem', 'account', 'manchest', 'chelmsford', 'moulshamstreet', 'thehivecaf', 'oaklandspark']"
GB,5,6,"['ediberyl', 'covid', 'businessupd', 'newlaw', 'seat', 'season', 'sneakpeak', 'deathinparadi', 'tableserv', 'youtub']"
GB,5,7,"['trackandtrac', 'ovatu', 'mind', 'helpus', 'positivevib', 'selflov', 'heal', 'anxieti', 'posit', 'psycholog']"
GB,5,8,"['bridetob', 'weddingday', 'lovemydress', 'urbanw', 'awedlessord', 'bride', 'gaspphotoco', 'boundsgreen', 'antibodi', 'siren']"
GB,5,9,"['employ', 'sunshin', 'plaster', 'merseysid', 'covid', 'furlough', 'sussex', 'crawley', 'westsussex', 'backsoon']"
GB,6,0,"['minaturerailway', 'ferrymeadow', 'justmarri', 'latin', 'ballroom', 'synchron', 'dancigscotland', 'bestfriend', 'myman', 'myfamili']"
GB,6,1,"['sport', 'nonleagu', 'covid', 'footbal', 'follow', 'bhfyp', 'fightcovid', 'futbol', 'suffolkfootb', 'soccer']"
GB,6,2,"['londonmarathon', 'covidbirthday', 'stepson', 'roadtrip', 'happybirthday', 'gymworkout', 'brackleshambay', 'sunset', 'nofilt', 'wobbl']"
GB,6,3,"['gratitud', 'photobomb', 'marathonrunn', 'recoveri', 'cantstopus', 'instarun', 'trailrun', 'fusiongol', 'westham', 'carabaocup']"
GB,6,4,"['lockdown', 'softbal', 'softballlif', 'london', 'lucki', 'claphamcommon', 'jimgrov', 'unitedkingdom', 'coronavirus', 'neighbour']"
GB,6,5,"['groundhop', 'saveourright', 'wedonotcon', 'saveourrightsuk', 'educationisfun', 'abbeycolleg', 'educ', 'quarantin', 'teammeet', 'covidmem']"
GB,6,6,"['cricket', 'tattoo', 'tattoogirl', 'nurseri', 'eyfsidea', 'yorkshired', 'castlebolton', 'aysgarthf', 'staysaf', 'derbyd']"
GB,6,7,"['nowork', 'brixham', 'ship', 'harbor', 'cliff', 'paignton', 'septemb', 'holiday', 'sport', 'covid']"
GB,6,8,"['model', 'salon', 'edelinel', 'fashion', 'happi', 'inclus', 'danc', 'workplac', 'circuittrain', 'feelgood']"
GB,6,9,"['runnergirlud', 'runclub', 'instarunn', 'greenvest', 'irunthisbodi', 'mumwhorun', 'thisgirlcan', 'strongnotskinni', 'morningrun', 'sunnysunday']"
GB,7,0,"['familytim', 'famili', 'summer', 'staycat', 'rockpool', 'restrict', 'perranporth', 'holiday', 'beach', 'cornwal']"
GB,8,0,"['event', 'lovelif', 'second', 'confid', 'ambul', 'proud', 'firefight', 'experi', 'param', 'danc']"
GB,8,1,"['thenandnow', 'nationalgalleri', 'latin', 'ballroom', 'manifest', 'covid', 'cheddar', 'dancigscotland', 'synchron', 'thankyouamazon']"
GB,8,2,"['covidw', 'fashion', 'englishgarden', 'photographi', 'weddingdress', 'weddingday', 'gardenparti', 'photooftheday', 'forestschool', 'summer']"
GB,8,3,"['staysaf', 'stayhealthi', 'ephraimpeac', 'staystrong', 'swimyourswim', 'mask', 'isol', 'hair', 'hairgrowth', 'myspac']"
GB,8,4,"['familytim', 'tesla', 'netflix', 'london', 'personrul', 'gratitud', 'scotland', 'weekendtreat', 'puzzlewood', 'vidadepandemia']"
GB,8,5,"['curfewlif', 'steaknight', 'church', 'flaskandmask', 'youngadult', 'birthday', 'adscapeltd', 'eatouttohelpout', 'felixstow', 'hotel']"
GB,8,6,"['carehom', 'studentlif', 'colour', 'tube', 'physiotherapi', 'covid', 'safeti', 'wearyourmask', 'health', 'arundelcastl']"
GB,8,7,"['bbcqt', 'livemus', 'famili', 'invest', 'polit', 'projectwingman', 'niec', 'stepson', 'covidbirthday', 'happybirthday']"
GB,8,8,"['thegannet', 'glasgowist', 'fade', 'glasgow', 'restaur', 'corona', 'skinfad', 'mask', 'barberlif', 'staysaf']"
GB,8,9,"['bodybuild', 'tattoo', 'account', 'selflov', 'model', 'microblad', 'permanentmakeup', 'eyebrow', 'covd', 'thinninghair']"
GB,9,0,"['derri', 'belfast', 'sunset', 'sidmouth', 'summer', 'summervib', 'friend', 'covidsaf', 'lockdown', 'gunpla']"
GB,9,1,"['covid', 'covidtest', 'visitw', 'dccomic', 'staycat', 'sunset', 'tattoo', 'lockdown', 'bridg', 'commonflu']"
GB,9,2,"['cloud', 'natur', 'blueski', 'landscap', 'london', 'pandem', 'mentalhealth', 'covid', 'naturelov', 'guthealth']"
GB,9,3,"['familytim', 'staysaf', 'dayout', 'cater', 'packag', 'illustr', 'corona', 'carehom', 'gratitud', 'wildswim']"
GB,9,4,"['trackandtrac', 'facevisor', 'facecov', 'covidprotect', 'covidbak', 'qrcode', 'safe', 'weekend', 'staysaf', 'staysafepeopl']"
GB,9,5,"['helpnhshero', 'colour', 'protect', 'staysaf', 'pandem', 'wearamask', 'graphicdesign', 'fabric', 'lamlash', 'yourworld']"
GB,9,6,"['london', 'cancersuck', 'staysaf', 'footsafeuk', 'cleangym', 'preventcovid', 'useyourfoot', 'keepclean', 'nomorebacteria', 'stopthespread']"
GB,9,7,"['trackandtrac', 'strong', 'covid', 'mauritania', 'clean', 'coronavirus', 'campingstov', 'roadtrip', 'bacon', 'happyday']"
GB,9,8,"['cricket', 'sport', 'london', 'photooftheday', 'photographi', 'wearamask', 'bobwillistrophi', 'lord', 'garden', 'smile']"
GB,9,9,"['facemask', 'fittedmask', 'mask', 'besaf', 'dogwalk', 'coastalwalk', 'autumnwalk', 'darkski', 'mistymorn', 'moodygram']"
ES,0,0,"['coslada', 'hechoamano', 'hechoconamor', 'hechoenespaa', 'madeinspain', 'madrid', 'mascarilla']"
ES,1,0,"['evento', 'hibrido', 'innovacion', 'persua', 'resistir', 'rtve', 'septiembr']"
ES,2,0,"['protejet', 'calmarxantolot', 'lafinestra', 'draw', 'outfit', 'style', 'botigadebarri', 'valenciagram', 'textil', 'moondev']"
ES,2,1,"['barcelona', 'recomenzamo', 'memscatalan', 'cerdanya', 'puigcerda', 'badiu', 'humor', 'mascarilla', 'wearamask', 'moda']"
ES,2,2,"['madrid', 'tropasdemagon', 'cartagena', 'magon', 'legan', 'voluntariado', 'solidaridad', 'ayuda', 'juntosxlegan', 'mascarilla']"
ES,2,3,"['botigadebarri', 'stopcovid', 'comercolot', 'style', 'outfit', 'photographi', 'virus', 'coronavirus', 'photooftheday', 'photograph']"
ES,2,4,"['doctor', 'laspalma', 'proteccion', 'prevencion', 'grancanaria', 'aquazero', 'kitvueltaalcol', 'superman', 'kitcovid', 'lavozderosario']"
ES,3,0,"['recycl', 'maskoff', 'smallbusi', 'savetheplanet', 'savetheearth', 'savethechildren', 'savetheanim', 'reusablemask', 'reus', 'respon']"
ES,4,0,"['footbal', 'friend', 'madrid', 'marmenor', 'vitoriagasteiz', 'covid', 'weddingday', 'august', 'thank', 'coronavirus']"
ES,4,1,"['artextremadura', 'culturavirtu', 'barnatresc', 'cultura', 'covid', 'deport', 'videollamada', 'seguridad', 'feestet', 'cursadelamerc']"
ES,4,2,"['covid', 'verano', 'abogacia', 'teletrabajo', 'latepost', 'galicia', 'montblanc', 'veranoportug', 'paisvasco', 'culturasegura']"
ES,4,3,"['schtig', 'unsichtbar', 'addict', 'adiccin', 'death', 'droga', 'drug', 'clochard', 'seringu', 'heroina']"
ES,4,4,"['fall', 'comic', 'familiacovid', 'marvel', 'protocoloscovid', 'barberlif', 'menshaircut', 'responsabilidad', 'cordoba', 'sagradafamilia']"
ES,4,5,"['madrid', 'ayusodimi', 'confinamiento', 'periodismo', 'lloretdemar', 'lloret', 'salud', 'photo', 'unidadciudadana', 'document']"
ES,4,6,"['espaa', 'look', 'huertoecologico', 'instafood', 'volcano', 'vacacion', 'photographi', 'instagood', 'photooftheday', 'barcelona']"
ES,4,7,"['lehenikherria', 'primerolag', 'boda', 'unicornio', 'covid', 'despedida', 'aldeadesestelo', 'goodvib', 'halloween', 'novia']"
ES,4,8,"['danc', 'almostreadi', 'feel', 'fuengirola', 'freetim', 'freesoul', 'idowhatiw', 'estepona', 'xmagazin', 'backtonorm']"
ES,4,9,"['covid', 'spain', 'vueltaalcol', 'nuevanormalidad', 'telasbonita', 'canaria', 'coupleshoot', 'love', 'valencia', 'voluntariado']"
ES,5,0,"['hechoamano', 'coronavirus', 'hechoconamor', 'handmad', 'sanidad', 'botigadebarri', 'anticovid', 'origin', 'filtrotnt', 'rangervalleca']"
ES,5,1,"['filtro', 'proteccion', 'ffpmask', 'calidad', 'mamaehija', 'salamanca', 'tejido', 'mama', 'pequ', 'style']"
ES,5,2,"['mask', 'otoo', 'modamuj', 'diseno', 'artemanospepi', 'libertyjoyeria', 'masqu', 'complemento', 'mascarilla', 'confinamiento']"
ES,5,3,"['mascarilla', 'infantil', 'cuidado', 'bermej', 'pontela', 'farmacia', 'medidascovid', 'stopcovid', 'hechoamano', 'animo']"
ES,5,4,"['algecira', 'coronavirus', 'vueltaalcol', 'diseoperfecto', 'marto', 'madeinsadyc', 'producto', 'ubeda', 'torredonjimeno', 'mascarillla']"
ES,5,5,"['mascarilla', 'covid', 'barcelona', 'mask', 'faxcopi', 'proteget', 'coronavirus', 'color', 'homologada', 'moda']"
ES,5,6,"['seleccinespaola', 'protocoloscovid', 'consumeloc', 'teld', 'coslada', 'juntospodemo', 'ouren', 'hechoenespaa', 'protocolocovid', 'madeinspain']"
ES,5,7,"['covid', 'handmad', 'kitcovid', 'mallorcaisland', 'autocuidado', 'amar', 'mascarilla', 'mascaret', 'senseplom', 'gasoli']"
ES,5,8,"['seguridad', 'mascarillania', 'mascarillanio', 'wabisabi', 'algodn', 'hechasamano', 'telasbonita', 'barcelona', 'handmad', 'mascarilla']"
ES,5,9,"['logrono', 'oferta', 'degustacion', 'gracia', 'handmad', 'proteccion', 'comercioloc', 'mascarilla', 'belleza', 'jumilla']"
ES,6,0,"['higieneman', 'gourmetfood', 'rebrotcovid', 'pulpoalagallega', 'pulpoafeira', 'protocolocovid', 'mascareta', 'inhous', 'cook', 'foodphoto']"
ES,7,0,"['oreoespana', 'oreo', 'tartasmadrid', 'tartascasera', 'oreoreceita', 'chocol', 'oreocak', 'chocolatelov', 'dripcak', 'chocolatecak']"
ES,8,0,"['outfit', 'ootd', 'tattoo', 'style', 'selfi', 'repost', 'photooftheday', 'photographi', 'photo', 'amaz']"
ES,9,0,"['tenet', 'mask', 'covid', 'campodecmara', 'cofradamlg', 'casabermeja', 'mascarilla', 'exposicin', 'seguridad', 'lavabl']"
ES,9,1,"['fuenlabrada', 'santfeliu', 'covid', 'quedatacasa', 'cmsf', 'qudateencasa', 'august', 'friend', 'thank', 'weddingday']"
ES,9,2,"['photochalleng', 'vigo', 'espaa', 'pandemia', 'actualidad', 'instagram', 'likeforlik', 'covidnio', 'covidfamilia', 'covidencasa']"
ES,9,3,"['farmaceutico', 'vueltaalcol', 'mascarilla', 'fotografaslatam', 'emprendedor', 'emprendevlc', 'confinamiento', 'artextremadura', 'culturavirtu', 'cultura']"
ES,9,4,"['mallorcahockey', 'granada', 'dato', 'stopbulo', 'huetortajar', 'curso', 'salud', 'covid', 'prevencion', 'informacion']"
ES,9,5,"['futuremask', 'futuretehnolog', 'psyhappen', 'look', 'covidespaa', 'toyphotographi', 'instaplaymobil', 'click', 'playmotoy', 'playmobil']"
ES,9,6,"['galicia', 'covid', 'usamascarilla', 'espaa', 'cleyyus', 'sanxenxo', 'barmetro', 'pontevedra', 'grupogordon', 'inmobiliaria']"
ES,9,7,"['protocolo', 'lliadev', 'molletdelval', 'biguesiriel', 'paretsdelval', 'lliadamunt', 'proteget', 'covid', 'mascarilla', 'caldesdemontbui']"
ES,9,8,"['vivesantalucia', 'vecindario', 'distanciasoci', 'educ', 'mascarilla', 'islascanaria', 'claustrodeig', 'conpartiendo', 'recursosmolon', 'actividad']"
ES,9,9,"['moco', 'sarcopenia', 'terceraedad', 'nutricion', 'health', 'familia', 'covid', 'salud', 'marbella', 'fueramoco']"
AR,0,0,"['artesan', 'chevrolet', 'cuarentena', 'encasa', 'lavado', 'meguiar', 'menzerna', 'onix', 'sonax']"
AR,1,0,"['tapaboca', 'tartag', 'oran', 'salta', 'coronavirus', 'barbijo', 'covid', 'clasesonlin', 'fadu', 'ubafadu']"
AR,1,1,"['protocolo', 'ramosmejia', 'salud', 'argentina', 'yomequedoencasa', 'paranaentrerio', 'enfermero', 'buenosair', 'trabajador', 'byvkid']"
AR,1,2,"['proteccion', 'covid', 'coronavirus', 'argentina', 'lalocreus', 'tapaboca', 'pintadoamano', 'marykay', 'hotel', 'bioseguridad']"
AR,1,3,"['psicologia', 'cuarentenamood', 'pandemia', 'incertidumbr', 'cuarentena', 'emprendedor', 'diseografico', 'sisepu', 'estilodevida', 'cubreboca']"
AR,1,4,"['sticker', 'laboratorio', 'higa', 'olavarria', 'tattoo', 'tatuaj', 'urban', 'plan', 'modernart', 'residenti']"
AR,1,5,"['primaverateamo', 'tecuido', 'cuidadar', 'sublimado', 'piapia', 'sanjuan', 'quedateencasa', 'covid', 'mecuido', 'estampado']"
AR,1,6,"['farmacia', 'ltimo', 'pandemia', 'covid', 'santafeciudadok', 'instabeauti', 'tapaboca', 'laplatac', 'comedor', 'barbijo']"
AR,1,7,"['tienda', 'santaf', 'suipacha', 'atencion', 'servicio', 'tiendaonlin', 'precio', 'quedatenecasa', 'calidad', 'tiendalosnegro']"
AR,1,8,"['meguiar', 'menzerna', 'lavado', 'artesan', 'sonax', 'encasa', 'barbijo', 'diseoscreativo', 'chevrolet', 'cuarentena']"
AR,1,9,"['covid', 'balloon', 'hacemosenvo', 'ropadechico', 'cuidat', 'liquidacin', 'quedateencasa', 'yomequedoencasa', 'juegodecocina', 'paseo']"
AR,2,0,"['dvdcollect', 'entretenimiento', 'peli', 'pelicula', 'quedateencasa', 'terror', 'videometrook']"
AR,3,0,"['pandemia', 'juev', 'tecuidamo', 'salud', 'saavedra', 'quedateencasa', 'platodeldia', 'coghlan', 'elbuencom', 'deliveri']"
AR,4,0,"['argentina', 'cuidar', 'escritorio', 'neuquen', 'patagonia', 'prevencion', 'protocolo', 'seguridad', 'trabajo', 'yotecuido']"
AR,5,0,"['lasamo', 'justicasoci', 'compartir', 'cubreboca', 'gracia', 'quedateencasa', 'todorojo', 'argentina', 'barbijo', 'pandemia']"
AR,5,1,"['invierno', 'pantalon', 'onlin', 'pijama', 'cuarentena', 'skate', 'covidart', 'covid', 'barbijo', 'uasperfecta']"
AR,5,2,"['pandemia', 'buenosair', 'argentina', 'covid', 'berazategui', 'tucumn', 'primavera', 'salud', 'quedateencasa', 'bici']"
AR,5,3,"['covid', 'picoftheday', 'niosconhambr', 'ccpbair', 'elosotrapeador', 'coronavirus', 'argentina', 'dadelasanidad', 'lhmivida', 'animegirl']"
AR,5,4,"['picoftheday', 'rosario', 'tigreciudad', 'nordeltacc', 'nordelta', 'tapaboca', 'cabaaovina', 'ovino', 'barbijo', 'disneyprincess']"
AR,5,5,"['instap', 'startup', 'rememb', 'week', 'viajar', 'iloverun', 'mision', 'pictoftheday', 'lugar', 'curentena']"
AR,5,6,"['pandemia', 'dalelik', 'abrazo', 'yomequedoencasa', 'familia', 'cumpleaosfeliz', 'netflix', 'covid', 'tapaboca', 'icpconcern']"
AR,5,7,"['conjunto', 'nina', 'otono', 'verano', 'mujer', 'moda', 'pijama', 'primavera', 'cuarentena', 'cortepelohombr']"
AR,5,8,"['personaldesalud', 'socialmedia', 'bigbangtheori', 'winonaryd', 'movi', 'spooki', 'horror', 'sheldoncoop', 'halloween', 'beetleju']"
AR,5,9,"['usaelbarbijo', 'hospitalpiero', 'resid', 'despu', 'donaplasma', 'photograph', 'fade', 'classic', 'degradado', 'hipster']"
AR,6,0,"['cuarentena', 'pandemia', 'platodeldia', 'elpoint', 'elbuencom', 'coghlan', 'coronavirus', 'quedateencasa', 'villapueyrredon', 'saavedra']"
AR,6,1,"['puppylov', 'puppi', 'farmacia', 'americanbulli', 'quarantin', 'covid', 'quedateencasa', 'pandemia', 'dogsofinstagram', 'rosario']"
AR,6,2,"['bird', 'condor', 'trento', 'ecourbanatuc', 'coronavirus', 'neuquen', 'argentina', 'tapaboca', 'photograph', 'personaldesalud']"
AR,6,3,"['covid', 'mijd', 'justicia', 'ralcastel', 'movimiento', 'mijdcbaofici', 'dignidad', 'independi', 'coronavirus', 'tapaboca']"
AR,6,4,"['delicioso', 'rcdrift', 'cardetail', 'detailingworld', 'carcar', 'muffin', 'confiteria', 'saborizado', 'pansaborizado', 'lanusoest']"
AR,6,5,"['aeropuerto', 'vivanco', 'covid', 'argentinaunida', 'activemo', 'break', 'vuelo', 'reanudacin', 'opcionesdeplato', 'tigr']"
AR,6,6,"['comuna', 'bordado', 'cordoba', 'pandemia', 'argentina', 'architect', 'build', 'construct', 'ropadehombr', 'qudateencasa']"
AR,6,7,"['barbijo', 'canondeozono', 'tapaboca', 'rayban', 'pandemia', 'eumescrea', 'pergamino', 'cuarentena', 'virus', 'paracadaocasin']"
AR,6,8,"['pandemia', 'cuarentena', 'pijama', 'conjunto', 'nina', 'otono', 'primavera', 'mujer', 'verano', 'moda']"
AR,6,9,"['invierno', 'todorojo', 'cerrobayo', 'snowboard', 'malditovirus', 'backflip', 'argentina', 'journal', 'millonario', 'uniondesantaf']"
AR,7,0,"['asistenteceo', 'asistenteremoto', 'futsal', 'estrella', 'jabon', 'higien', 'patriciaallen', 'quedateencasa', 'argentina', 'ikigaicrm']"
AR,7,1,"['saludybienestar', 'salud', 'bagu', 'esenci', 'alchohol', 'sanitiz', 'quarantin', 'sastreria', 'cierr', 'sastr']"
AR,7,2,"['cuidat', 'yomequedoencasa', 'encasa', 'desinfeccion', 'catamarca', 'reportediario', 'neuquen', 'coronavirus', 'limpieza', 'pandemia']"
AR,7,3,"['pasion', 'virus', 'riocuarto', 'domingo', 'vuelveelturf', 'caballo', 'carrera', 'elturfestrabajo', 'salta', 'protocolo']"
AR,7,4,"['farmacia', 'laplataciudad', 'laplatac', 'stayhom', 'salud', 'covid', 'quedateencasa', 'laplata', 'pandemia', 'laboratorio']"
AR,7,5,"['empleo', 'moron', 'laburar', 'avellaneda', 'wild', 'laburo', 'lomasdezamora', 'dontorcuato', 'sanjusto', 'sanfernando']"
AR,7,6,"['picadita', 'rico', 'amigo', 'sabroooso', 'familia', 'psicologia', 'infancia', 'emocion', 'cafay', 'psicoterapia']"
AR,7,7,"['contacto', 'coberturamedica', 'acasalud', 'acaestamo', 'alfombra', 'sanit', 'hogar', 'empatia', 'geriatrico', 'cuidado']"
AR,7,8,"['caba', 'emprendedor', 'foto', 'pictur', 'emprendimiento', 'emprendedora', 'coronavirus', 'covid', 'quilm', 'edit']"
AR,7,9,"['covid', 'olavarria', 'inform', 'pergamino', 'olavarriac', 'stayhom', 'jujuy', 'farmacia', 'motociclista', 'seguro']"
AR,8,0,"['lkdetail', 'integr', 'strech', 'sonax', 'santarosa', 'rupesbigfoot', 'paintprotect', 'paintcorrect', 'meguiar', 'argentina']"
AR,9,0,"['mardel', 'mardeldirecto', 'desinfeccion', 'desinfeccin', 'alcohol', 'panalera', 'perfumeria', 'amardelplata', 'panal', 'bazar']"
AR,9,1,"['desinfeccin', 'desinfeccion', 'alcohol', 'mardeldirecto', 'mardel', 'panalera', 'perfumeria', 'amardelplata', 'panal', 'bazar']"
AR,9,2,"['mardel', 'mardeldirecto', 'alcohol', 'desinfeccin', 'desinfeccion', 'panalera', 'perfumeria', 'amardelplata', 'panal', 'bazar']"
AR,9,3,"['mardel', 'desinfeccin', 'mardeldirecto', 'alcohol', 'desinfeccion', 'panalera', 'perfumeria', 'amardelplata', 'panal', 'bazar']"
AR,9,4,"['alcohol', 'desinfeccion', 'mardeldirecto', 'desinfeccin', 'mardel', 'panalera', 'perfumeria', 'amardelplata', 'panal', 'bazar']"
TR,0,0,"['dezenfeksiyon', 'yeditepeeczaclk', 'yizda', 'disinfect', 'foodsanit', 'korona', 'tarak', 'corona', 'okul', 'turkiy']"
TR,0,1,"['pediatri', 'ahayatkurtarr', 'steril', 'kadki', 'kesfet', 'cocukdoktoru', 'pediatria', 'medicalstud', 'hospit', 'cocukkalpuzman']"
TR,0,2,"['maskenitak', 'anaokulu', 'verimlicalsma', 'nefesegzersizi', 'propoli', 'motivasyon', 'hemirelik', 'antivir', 'antalya', 'hemir']"
TR,0,3,"['pandem', 'psikolog', 'covid', 'hastalk', 'adana', 'vatanokullar', 'egitiminvatan', 'gaziantep', 'oryantasyon', 'psikoloji']"
TR,0,4,"['pandemi', 'farmasiheryerd', 'instagram', 'adana', 'covid', 'korona', 'haydosevkonya', 'yardm', 'destek', 'ihtiya']"
TR,0,5,"['covid', 'bunlarkonualmuc', 'koronavir', 'covidmcadel', 'gelecekelnzd', 'dezemax', 'hijyen', 'mrkurt', 'ocuklarlabirmr', 'hrriyet']"
TR,0,6,"['istanbul', 'coronaturkiy', 'temizlik', 'coronavir', 'harran', 'konack', 'anlurfa', 'zeleitimretmeni', 'zeleitim', 'hijyen']"
TR,0,7,"['kaleosgb', 'zatrrea', 'inegl', 'osgb', 'iimizgvenliiniz', 'eniyibiziz', 'inegol', 'masketak', 'bursa', 'hayatevesar']"
TR,0,8,"['depresyon', 'psikolog', 'sunum', 'okaktel', 'dzen', 'bimmarket', 'aldnaldn', 'aganimetleri', 'canlder', 'farmasi']"
TR,0,9,"['portakalsekeri', 'mask', 'okuloncesi', 'kidsact', 'etkinlikzaman', 'etkinlikkurdu', 'coranavirus', 'kindergarten', 'preschool', 'eglenc']"
TR,1,0,"['gttakipci', 'toptansaat', 'marmari', 'ankara', 'saatkombini', 'women', 'saatsaat', 'erkek', 'rolexsaat', 'followm']"
TR,2,0,"['victim', 'istanbul', 'coronavirus', 'turkey', 'itali', 'coronaturkiy', 'corona', 'antalya', 'balat', 'turkeybodrum']"
TR,2,1,"['mesaf', 'mask', 'likesforlik', 'hijyen', 'bodrumturkey', 'egea', 'gumbet', 'buti', 'summer', 'tyrkey']"
TR,2,2,"['hijyennem', 'salklyaam', 'aciksinif', 'tekonlin', 'tekokullari', 'korona', 'corona', 'havalandrma', 'aerosol', 'dihekimi']"
TR,2,3,"['covid', 'birlikteglyz', 'demi', 'demibelediyesi', 'ncesalk', 'koronavir', 'pandemi', 'ilalama', 'mask', 'alinasmommm']"
TR,2,4,"['osmaniy', 'corona', 'covid', 'spartailmem', 'aksuilmem', 'ebatv', 'lidoklulum', 'ziyaselcuk', 'covit', 'tala']"
TR,2,5,"['saglkcalsanlar', 'yastayz', 'veterinerklinii', 'dezenfekt', 'koronatrkiy', 'adanamem', 'doankent', 'yuregirmem', 'adana', 'salk']"
TR,2,6,"['ankara', 'haber', 'hasgvenlik', 'zelgvenlik', 'denizli', 'sertifika', 'gvenlik', 'egitim', 'liketim', 'girisimcilik']"
TR,2,7,"['turkey', 'istanbul', 'hayalpark', 'adanayagidekmi', 'yreir', 'doktorlar', 'hemirel', 'ehirhastanesi', 'beyazevl', 'turgutzalbulvar']"
TR,2,8,"['siva', 'ttbninyanndayz', 'iyikittbvar', 'sivasspor', 'grandsekerhotel', 'ingilizc', 'genelingilizc', 'toefl', 'ielt', 'ingilizcekur']"
TR,2,9,"['pandemi', 'okullaraclyor', 'dezenfektan', 'denetm', 'alacaatl', 'kaydrmalpost', 'saglk', 'rportaj', 'loft', 'newpost']"
TR,3,0,"['istanbul', 'kadki', 'sivasspor', 'covid', 'siva', 'yiido', 'sivasllar', 'sivaskang', 'sivasprovinc', 'sivashalay']"
TR,3,1,"['sivasspor', 'siva', 'covid', 'sivasl', 'sivaskongresi', 'cute', 'sivashalay', 'sivasprovinc', 'sivaskang', 'sivasllar']"
TR,4,0,['bahcekenttu']
TR,5,0,"['mask', 'gumbet', 'bodrumturkey', 'egea', 'buti', 'life', 'summer', 'likesforlik', 'elbisemodelleri', 'anta']"
TR,5,1,"['holiday', 'covit', 'tyrkey', 'hastan', 'mask', 'nbetteyiz', 'hediyefikirleri', 'malatya', 'dersalmak', 'salgn']"
TR,5,2,"['corona', 'korona', 'mask', 'covid', 'hijyennem', 'portakalsekeri', 'school', 'izmir', 'koronavir', 'okuloncesi']"
TR,5,3,"['turkiy', 'takipet', 'instagram', 'manavgat', 'ofisdekorasyonu', 'antalya', 'ucretsizkargo', 'korona', 'ankara', 'mask']"
TR,5,4,"['covid', 'temizlik', 'mask', 'turkey', 'koronavir', 'edgar', 'clubmegasaray', 'belek', 'karantina', 'ncesalk']"
TR,5,5,"['turkey', 'hayatevesgar', 'istanbul', 'grandsekerhotel', 'travel', 'covid', 'coronavirusu', 'nigd', 'marmari', 'haarp']"
TR,5,6,"['trkiy', 'marmari', 'turag', 'instatravel', 'septemb', 'visitturkey', 'memori', 'dezenfektan', 'mula', 'tyrkey']"
TR,5,7,"['coronavir', 'leicacameratr', 'abant', 'leica', 'landscap', 'istanbul', 'egitim', 'maskesizckma', 'vilenaaksesuar', 'yemek']"
TR,5,8,"['ikincielaraba', 'dolar', 'salk', 'covid', 'wclub', 'hijyen', 'satlkaraba', 'love', 'gaziantep', 'sosyalmesaf']"
TR,5,9,"['lidoklulum', 'covid', 'sosyalmesaf', 'istanbul', 'follow', 'saatkombini', 'rolexsaat', 'followm', 'saatsaat', 'corona']"
TR,6,0,"['pelu', 'perakendesat', 'mersin', 'moda', 'model', 'kartela', 'peni', 'uygun', 'toptan', 'kalit']"
TR,7,0,"['reklam', 'sanat', 'mutfak', 'plakalk', 'pleksi', 'lazer', 'tokat', 'tema', 'kesfet', 'siva']"
TR,8,0,"['gtyaplr', 'gttakipci', 'takipet', 'mutluluk', 'happytim', 'happyday', 'happi', 'gtyaplrpp', 'aktiftakipci', 'gtvardir']"
TR,9,0,"['reynmen', 'tiktok', 'kalam', 'luxlif', 'kizkulesi', 'renaultturkey', 'atakymarina', 'renoult', 'luxuri', 'fiat']"
TR,9,1,"['trkiy', 'vsco', 'araaksesuar', 'yenibosna', 'bagcilarmeydan', 'jettamk', 'halkal', 'jettaturkiy', 'baclar', 'gnelimeydan']"
TR,9,2,"['wclub', 'wmafia', 'turkiy', 'wmerc', 'mercedesclass', 'wmercedesw', 'tesbih', 'mercedesbenz', 'arabamerc', 'wsel']"
TR,9,3,"['renault', 'dacia', 'kemer', 'logan', 'wclub', 'esenyurt', 'pazar', 'taksi', 'ankara', 'manisa']"
TR,9,4,"['ikincielaraba', 'passat', 'taksim', 'gaziantep', 'satlkara', 'wolkwagen', 'sfraraba', 'dolar', 'samsun', 'covid']"
MX,0,0,"['mexicano', 'gorra', 'sesionphoto', 'sesion', 'revolut', 'rapmexicano', 'rapero', 'photo', 'mexico', 'barrasdebar']"
MX,1,0,"['cdmx', 'qudateencasa', 'coloniaroma', 'vaporlaroma', 'jvenesartesano', 'salud', 'photojourn', 'consumeloc', 'mexicoc', 'hugolpezgatel']"
MX,1,1,"['sanitizacion', 'pamplona', 'agosto', 'nuevanormalidad', 'sanoretorno', 'sisalescud', 'portufamilia', 'financieramexi', 'texcoco', 'tezcutzingo']"
MX,1,2,"['bless', 'mexico', 'birthday', 'bocadelrio', 'doctor', 'medicina', 'cmdx', 'familia', 'tiendatlaxcala', 'tiendamoda']"
MX,1,3,"['cumpleao', 'babyshow', 'despedida', 'lgbttt', 'comedi', 'monterreynl', 'susanadistancia', 'mtyciti', 'covid', 'tallermecanico']"
MX,1,4,"['blackandwhit', 'pandemia', 'cdmxlife', 'mexico', 'cuarentena', 'coctel', 'aguascali', 'cumpleaosfeliz', 'playera', 'urbanrust']"
MX,1,5,"['pandemia', 'imss', 'tuxtepec', 'puntolimpio', 'tuxtepecoaxaca', 'tbthursday', 'mexico', 'oaxaca', 'famili', 'acapulco']"
MX,1,6,"['pandemia', 'fumser', 'cubreboca', 'viva', 'photographi', 'photoshoot', 'iphonecamera', 'covid', 'shotoniphon', 'camera']"
MX,1,7,"['spicollect', 'mercadomexico', 'xalapa', 'everydaymexico', 'limpieza', 'bloqueado', 'couplego', 'deleit', 'girlfriend', 'noviasconestilo']"
MX,1,8,"['vivamexico', 'mexico', 'covid', 'anim', 'organ', 'travel', 'natur', 'worldtravel', 'myworkday', 'viajar']"
MX,1,9,"['fiestaspatria', 'desfilemilitar', 'septiembr', 'mexico', 'bellasart', 'zocalo', 'friend', 'train', 'pandemia', 'toluca']"
MX,2,0,"['karcher', 'organ', 'natur', 'tbthursday', 'consumeloc', 'followclean', 'roma', 'lavadodesala', 'ladeval', 'portal']"
MX,2,1,"['durango', 'mexico', 'emprendedora', 'deseptiembr', 'everydaymexico', 'doctoreshero', 'mexicana', 'hero', 'heroessincapa', 'mexicano']"
MX,2,2,"['quedateencasa', 'pandemia', 'sonora', 'gradanort', 'pruebascovid', 'coronavirus', 'empresa', 'mexico', 'negocio', 'salud']"
MX,2,3,"['organ', 'natur', 'hechoamano', 'comerciojusto', 'vegano', 'workshop', 'disenomx', 'sustent', 'organico', 'veganfood']"
MX,2,4,"['homeoff', 'venta', 'letrero', 'senalizacion', 'estireno', 'proteccion', 'mexico', 'emprendedor', 'ahorro', 'lapiata']"
MX,2,5,"['sanitizacion', 'tranquilidad', 'iguala', 'salud', 'apuntesbonito', 'mexico', 'creatividad', 'infografia', 'color', 'portrait']"
MX,2,6,"['cubreboca', 'mask', 'teensfashionmex', 'disney', 'tactoalgodon', 'hechoenmexico', 'cuarentena', 'sefuertemexico', 'hechoconamor', 'cuidat']"
MX,2,7,"['mexico', 'mylif', 'myworkday', 'lovemexico', 'worldtravel', 'myworklif', 'myworkplac', 'viajar', 'mylifestyl', 'travelblogg']"
MX,2,8,"['cubreboca', 'nutriologa', 'biviahnskarleth', 'quedateentucasa', 'nutricion', 'bebssano', 'pediatra', 'bebsfel', 'neumonia', 'pediatria']"
MX,2,9,"['covid', 'coronavirus', 'mexico', 'derechofamiliar', 'justicia', 'gradanort', 'sonora', 'salud', 'quedateencasa', 'minisplit']"
MX,3,0,"['nosalgasdecasa', 'qrkid', 'minimodel', 'modelgirl', 'ninosactor', 'matildemoreno', 'ydancer', 'talentoinfantil', 'littleactress', 'stayathom']"
MX,4,0,"['organico', 'natur', 'vegano', 'veganfood', 'vegan', 'sustent', 'quedateencasa', 'artesan', 'organ', 'disenomx']"
MX,4,1,"['organico', 'natur', 'vegano', 'veganfood', 'vegan', 'sustent', 'quedateencasa', 'artesan', 'organ', 'disenomx']"
MX,4,2,"['organico', 'natur', 'vegano', 'veganfood', 'vegan', 'sustent', 'quedateencasa', 'artesan', 'organ', 'disenomx']"
MX,4,3,"['organico', 'natur', 'vegano', 'veganfood', 'vegan', 'sustent', 'quedateencasa', 'artesan', 'organ', 'disenomx']"
MX,4,4,"['organico', 'natur', 'vegano', 'veganfood', 'vegan', 'sustent', 'quedateencasa', 'artesan', 'organ', 'disenomx']"
MX,5,0,"['organico', 'natur', 'vegano', 'veganfood', 'vegan', 'sustent', 'quedateencasa', 'artesan', 'organ', 'disenomx']"
MX,5,1,"['organico', 'natur', 'vegano', 'veganfood', 'vegan', 'sustent', 'quedateencasa', 'artesan', 'organ', 'disenomx']"
MX,5,2,"['organico', 'natur', 'vegano', 'veganfood', 'vegan', 'sustent', 'quedateencasa', 'artesan', 'organ', 'disenomx']"
MX,5,3,"['organico', 'natur', 'vegano', 'veganfood', 'vegan', 'sustent', 'quedateencasa', 'artesan', 'organ', 'disenomx']"
MX,5,4,"['organico', 'natur', 'vegano', 'veganfood', 'vegan', 'sustent', 'quedateencasa', 'artesan', 'organ', 'disenomx']"
MX,6,0,"['veget', 'organ', 'natur', 'salud', 'coyot', 'quedateencasa', 'latino', 'covid', 'food', 'nutrit']"
MX,6,1,"['covid', 'everyday', 'gettyimagesnew', 'everydaymexico', 'fotoperiodismo', 'photooftheday', 'covidlatam', 'photojourn', 'myqbb', 'nikon']"
MX,6,2,"['lumispa', 'vivamexico', 'desfilemilitar', 'toluca', 'tolucalabella', 'nuskin', 'colageno', 'facial', 'rostro', 'mujerlatina']"
MX,6,3,"['covid', 'planton', 'religin', 'protest', 'protesta', 'prayer', 'religion', 'oracion', 'oracin', 'mxico']"
MX,6,4,"['cuarentena', 'niunama', 'quarantinelif', 'fotografa', 'document', 'pandemia', 'virus', 'canon', 'cdmx', 'mexico']"
MX,6,5,"['cuernavaca', 'bwphotographi', 'pandemia', 'mexico', 'aesthet', 'girl', 'girlcut', 'soft', 'otoo', 'kawaii']"
MX,6,6,"['hastapronto', 'teveoenelcielo', 'streetportrait', 'kindcom', 'psicollect', 'streetlifeaward', 'magnumphoto', 'photograph', 'postthepeopl', 'acab']"
MX,6,7,"['durangomx', 'qudateencasa', 'staystrong', 'sintomatologia', 'bobsponja', 'calamardo', 'staysaf', 'stayhom', 'gaylatino', 'facecov']"
MX,6,8,"['covid', 'grito', 'independencia', 'gymmotiv', 'gettysport', 'deport', 'picoftheday', 'instap', 'calamardo', 'staystrong']"
MX,6,9,"['fotografaslatam', 'cndh', 'antigrita', 'morrasxhingona', 'cndhecatepec', 'firework', 'niunameno', 'sevaaca', 'muecaempoderada', 'covid']"
MX,7,0,"['organ', 'natur', 'sustent', 'vegan', 'vegano', 'veganfood', 'organico', 'comerciojusto', 'disenomx', 'casabonitamid']"
MX,7,1,"['mexico', 'paracord', 'hospit', 'stroke', 'emergencia', 'ortopedia', 'covid', 'tumor', 'cerebro', 'dolor']"
MX,7,2,"['cdmx', 'cubreboca', 'usacubreboca', 'jvenesartesano', 'qudateencasa', 'vaporlaroma', 'coloniaroma', 'edomex', 'sedicefcil', 'gucci']"
MX,7,3,"['boda', 'cubreboca', 'cmdx', 'basic', 'cubrebocascovid', 'pandemia', 'accesorio', 'nuevanormalidad', 'tapaboca', 'reto']"
MX,7,4,"['organ', 'natur', 'disenomx', 'casabonitamid', 'comerciojusto', 'vegan', 'sustent', 'veganfood', 'vegano', 'organico']"
MX,7,5,"['mask', 'cubreboca', 'lasanrafa', 'sinplastico', 'hammock', 'hamaca', 'hamacasparanio', 'artesania', 'architect', 'consumeloc']"
MX,7,6,"['natur', 'organ', 'quedateencasa', 'artesan', 'hechoamano', 'disenomx', 'comerciojusto', 'casabonitamid', 'workshop', 'organico']"
MX,7,7,"['organ', 'natur', 'cubreboca', 'tactoalgodon', 'disney', 'teensfashionmex', 'hechoenmexico', 'sustent', 'veganfood', 'vegano']"
MX,7,8,"['evento', 'fiesta', 'covidcak', 'yomecuido', 'tbthursday', 'picoftheday', 'blood', 'zombi', 'terror', 'postr']"
MX,7,9,"['organ', 'natur', 'veganfood', 'vegan', 'sustent', 'vegano', 'organico', 'love', 'casabonitamid', 'disenomx']"
MX,8,0,"['organico', 'natur', 'vegano', 'veganfood', 'vegan', 'sustent', 'quedateencasa', 'artesan', 'organ', 'disenomx']"
MX,8,1,"['organico', 'natur', 'vegano', 'veganfood', 'vegan', 'sustent', 'quedateencasa', 'artesan', 'organ', 'disenomx']"
MX,9,0,"['organico', 'natur', 'vegano', 'veganfood', 'vegan', 'sustent', 'quedateencasa', 'artesan', 'organ', 'disenomx']"
CA,0,0,"['canada', 'newnorm', 'instamask', 'earlyyear', 'preschool', 'edgemontvillag', 'northshor', 'edgemontclin', 'cdnpoli', 'money']"
CA,0,1,"['secondwav', 'backtoschool', 'backtoba', 'bcmentalhealth', 'burnabybc', 'covidbc', 'queen', 'covid', 'selfcar', 'covidinschool']"
CA,0,2,"['custommask', 'onlineshop', 'howsweetisthat', 'safekid', 'jamaica', 'custommad', 'newmarkethom', 'protectyourself', 'wearamask', 'onlinestor']"
CA,0,3,"['flattenthecurv', 'hongkong', 'shoploc', 'foco', 'billgat', 'masksdontwork', 'chinavirus', 'facecov', 'scamdem', 'plandem']"
CA,0,4,"['retro', 'pandam', 'hike', 'tobermori', 'camp', 'dbaeech', 'mask', 'fall', 'canada', 'handmad']"
CA,0,5,"['washyourhand', 'facemask', 'safework', 'knowyourright', 'staysaf', 'postcovid', 'trainerlif', 'georgianbay', 'collingwood', 'covidupd']"
CA,0,6,"['wtime', 'diari', 'immigr', 'urbanfarm', 'naijacanadian', 'school', 'canada', 'homeschool', 'farm', 'garden']"
CA,0,7,"['ontario', 'canada', 'research', 'covid', 'staysaf', 'brampton', 'customapparel', 'washabl', 'chicstyl', 'custom']"
CA,0,8,"['corona', 'coronavirus', 'travelincovid', 'saskatchewan', 'saskatoon', 'sask', 'stopthespread', 'canada', 'covid', 'stopcovid']"
CA,0,9,"['gymsinthenew', 'secondwav', 'wpgeat', 'tarbooshwpg', 'mandatorymask', 'wpgoftheday', 'homeschool', 'plandem', 'wearyourmask', 'followusformor']"
CA,1,0,"['cabbagerol', 'restaur', 'money', 'stayhom', 'leftov', 'home', 'staysaf', 'ketosi', 'keton', 'keto']"
CA,1,1,"['torontofood', 'toronto', 'streetart', 'gastown', 'vibe', 'haircut', 'bentobox', 'fujiyamaramen', 'japanesefood', 'donburi']"
CA,1,2,"['shanatova', 'famili', 'partit', 'dinerdelux', 'kelowna', 'yegeat', 'covid', 'breakfast', 'garden', 'surviv']"
CA,1,3,"['brunch', 'underpeopl', 'cateringserv', 'barmitzvahparti', 'mazaltov', 'barmitzvah', 'guidlin', 'instagood', 'sashimi', 'sushi']"
CA,1,4,"['bless', 'mashallah', 'amaz', 'breakfast', 'dochay', 'vancouv', 'yaletown', 'dineout', 'vancouvereat', 'vancouverfoodi']"
CA,2,0,"['haircut', 'microw', 'union', 'groom', 'goingstrong', 'love', 'bride', 'smallbusi', 'famili', 'oneyearold']"
CA,2,1,"['oxbowstar', 'canadian', 'over', 'champ', 'design', 'staysaf', 'covidparti', 'cubreboca', 'bajacalifornia', 'loscabo']"
CA,2,2,"['instagood', 'backtoschool', 'fish', 'isol', 'lushlif', 'lush', 'cheer', 'birthdayjump', 'instagram', 'grade']"
CA,2,3,"['facemask', 'nyfw', 'torotno', 'salondeeleph', 'northyork', 'covid', 'payitforward', 'globalcitizen', 'masktogeth', 'sketch']"
CA,2,4,"['canada', 'givingback', 'follow', 'acup', 'chest', 'toronto', 'ccaa', 'jamaica', 'walkathon', 'fundrai']"
CA,2,5,"['oakvil', 'toronto', 'canada', 'covid', 'hairstylist', 'school', 'delamanodedio', 'aftersixmonth', 'iamgonnamissyou', 'homeworkout']"
CA,2,6,"['tiff', 'bestgirlfriend', 'funni', 'chariti', 'staysaf', 'therestofmylif', 'fairmont', 'birthday', 'safetyfirst', 'bikerchick']"
CA,2,7,"['mask', 'pandem', 'movati', 'glass', 'covidsumm', 'montreal', 'virtuallearn', 'athlet', 'inclass', 'seniord']"
CA,2,8,"['topoli', 'scarbto', 'enjoy', 'bluemountain', 'yellow', 'health', 'lifestyl', 'corona', 'love', 'sparkl']"
CA,2,9,"['roar', 'queen', 'year', 'support', 'thank', 'educ', 'bikerchick', 'ontariotravel', 'repost', 'goodtim']"
CA,3,0,"['drum', 'harmonyinact', 'marathon']"
CA,4,0,"['motofamili', 'foxracingcanada', 'rockstarhuski', 'nihilotrib', 'mxkid', 'mxcanada', 'motolif', 'asteriskathlet', 'moto', 'chargelif']"
CA,5,0,"['isolationwalk', 'covid', 'school', 'friend', 'canada', 'health', 'educ', 'roadtrip', 'histor', 'staysafeti']"
CA,5,1,"['travel', 'travelgram', 'canada', 'data', 'fallcolor', 'covid', 'staysaf', 'toronto', 'vancouv', 'busi']"
CA,5,2,"['sederf', 'communiti', 'woodwork', 'entertain', 'septemb', 'drivein', 'starrynight', 'toronto', 'staysaf', 'ward']"
CA,5,3,"['familytim', 'buddyknowsbest', 'torontozoo', 'topoli', 'scarbto', 'covid', 'famili', 'clock', 'watch', 'supportloc']"
CA,5,4,"['canada', 'formationrun', 'fridayfit', 'dockyardgym', 'ldnont', 'hustlersquar', 'covid', 'toronto', 'covidmask', 'handmad']"
CA,5,5,"['steamclean', 'hyundai', 'mask', 'canada', 'sewingproject', 'montreal', 'love', 'fabric', 'fashion', 'moth']"
CA,5,6,"['cafe', 'bambocaf', 'gastown', 'wearamask', 'mask', 'muaythai', 'scarboro', 'preschool', 'health', 'masksfors']"
CA,5,7,"['covid', 'newnorm', 'summervib', 'flower', 'beauti', 'fall', 'staysaf', 'ilovedollarama', 'townofcobourg', 'summer']"
CA,5,8,"['toronto', 'canada', 'vancouv', 'covid', 'plasma', 'wearamasku', 'backtoschool', 'repost', 'brampton', 'thesix']"
CA,5,9,"['bijouwinnipeg', 'ploutdoorwear', 'bike', 'besaf', 'photographi', 'motophotographi', 'facemask', 'northyork', 'explor', 'salondeeleph']"
CA,6,0,"['fall', 'jackolantern', 'pumpkin', 'pumpkinpatch', 'torontobusi', 'nightmar', 'skellington', 'pumpkink', 'timburton', 'jackskellington']"
CA,7,0,"['birthday', 'bless', 'famili', 'momlif', 'oneyearold']"
